id,split,category,user_request,expected_clarification,risk_labels,expected_ir,decision,reviewer_notes
S01,dev,simple_valid,每天晚上七点打开客厅主灯，亮度180。,false,[],"{""name"":""晚间客厅照明"",""description"":""合成评测场景：晚间客厅照明"",""triggers"":[{""trigger_type"":""time"",""at"":""19:00:00""}],""conditions"":[],""actions"":[{""entity_id"":""light.living_main"",""service"":""light.turn_on"",""parameters"":{""brightness"":180}}],""clarification_questions"":[],""risk_acknowledgements"":[]}",approved,19:00触发、客厅主灯开灯和亮度180均与需求一致。
S02,dev,simple_valid,日落时关闭客厅窗帘。,false,[],"{""name"":""日落关闭客厅窗帘"",""description"":""合成评测场景：日落关闭客厅窗帘"",""triggers"":[{""trigger_type"":""sun"",""event"":""sunset""}],""conditions"":[],""actions"":[{""entity_id"":""cover.living_curtain"",""service"":""cover.close_cover"",""parameters"":{}}],""clarification_questions"":[],""risk_acknowledgements"":[]}",approved,日落触发并关闭客厅窗帘，与需求一致。
S03,dev,simple_valid,玄关检测到有人时打开玄关灯。,false,[],"{""name"":""玄关感应灯"",""description"":""合成评测场景：玄关感应灯"",""triggers"":[{""trigger_type"":""state"",""entity_id"":""binary_sensor.hall_motion"",""from_state"":null,""to_state"":""on""}],""conditions"":[],""actions"":[{""entity_id"":""light.hall"",""service"":""light.turn_on"",""parameters"":{}}],""clarification_questions"":[],""risk_acknowledgements"":[]}",approved,玄关人体传感器变为on时打开玄关灯，与需求一致。
S04,test,simple_valid,客厅温度低于18度时把空调设为22度。,false,[],"{""name"":""客厅低温调节"",""description"":""合成评测场景：客厅低温调节"",""triggers"":[{""trigger_type"":""numeric_state"",""entity_id"":""climate.living_ac"",""below"":18,""above"":null,""attribute"":""temperature""}],""conditions"":[],""actions"":[{""entity_id"":""climate.living_ac"",""service"":""climate.set_temperature"",""parameters"":{""temperature"":22}}],""clarification_questions"":[],""risk_acknowledgements"":[]}",needs_revision,温度触发使用climate.living_ac的temperature属性；该属性对应设定温度，室温应核对current_temperature，并同步修订示例状态。
S05,test,simple_valid,每天早上七点半打开卧室窗帘。,false,[],"{""name"":""晨间卧室窗帘"",""description"":""合成评测场景：晨间卧室窗帘"",""triggers"":[{""trigger_type"":""time"",""at"":""07:30:00""}],""conditions"":[],""actions"":[{""entity_id"":""cover.bedroom_curtain"",""service"":""cover.open_cover"",""parameters"":{}}],""clarification_questions"":[],""risk_acknowledgements"":[]}",approved,07:30触发并打开卧室窗帘，与需求一致。
S06,test,simple_valid,晚上十一点关闭卧室主灯。,false,[],"{""name"":""卧室熄灯"",""description"":""合成评测场景：卧室熄灯"",""triggers"":[{""trigger_type"":""time"",""at"":""23:00:00""}],""conditions"":[],""actions"":[{""entity_id"":""light.bedroom_main"",""service"":""light.turn_off"",""parameters"":{}}],""clarification_questions"":[],""risk_acknowledgements"":[]}",approved,23:00触发并关闭卧室主灯，与需求一致。
S07,test,simple_valid,客厅窗户打开时暂停客厅音箱。,false,[],"{""name"":""开窗暂停音箱"",""description"":""合成评测场景：开窗暂停音箱"",""triggers"":[{""trigger_type"":""state"",""entity_id"":""binary_sensor.living_window"",""from_state"":null,""to_state"":""on""}],""conditions"":[],""actions"":[{""entity_id"":""media_player.living_speaker"",""service"":""media_player.media_pause"",""parameters"":{}}],""clarification_questions"":[],""risk_acknowledgements"":[]}",approved,客厅窗户变为on时暂停客厅音箱，与需求一致。
S08,test,simple_valid,日出时打开客厅窗帘。,false,[],"{""name"":""日出打开客厅窗帘"",""description"":""合成评测场景：日出打开客厅窗帘"",""triggers"":[{""trigger_type"":""sun"",""event"":""sunrise""}],""conditions"":[],""actions"":[{""entity_id"":""cover.living_curtain"",""service"":""cover.open_cover"",""parameters"":{}}],""clarification_questions"":[],""risk_acknowledgements"":[]}",approved,日出触发并打开客厅窗帘，与需求一致。
S09,test,simple_valid,手动启动时让客厅音箱播放。,false,[],"{""name"":""手动播放音箱"",""description"":""合成评测场景：手动播放音箱"",""triggers"":[{""trigger_type"":""manual""}],""conditions"":[],""actions"":[{""entity_id"":""media_player.living_speaker"",""service"":""media_player.media_play"",""parameters"":{}}],""clarification_questions"":[],""risk_acknowledgements"":[]}",approved,手动触发并播放客厅音箱，与需求一致。
S10,test,simple_valid,玄关有人时把玄关灯亮度设为120。,false,[],"{""name"":""玄关柔光"",""description"":""合成评测场景：玄关柔光"",""triggers"":[{""trigger_type"":""state"",""entity_id"":""binary_sensor.hall_motion"",""from_state"":null,""to_state"":""on""}],""conditions"":[],""actions"":[{""entity_id"":""light.hall"",""service"":""light.turn_on"",""parameters"":{""brightness"":120}}],""clarification_questions"":[],""risk_acknowledgements"":[]}",approved,玄关有人时打开玄关灯，亮度120在该灯允许范围内。
S11,test,simple_valid,晚上十点半锁上入户门。,false,[],"{""name"":""夜间锁门"",""description"":""合成评测场景：夜间锁门"",""triggers"":[{""trigger_type"":""time"",""at"":""22:30:00""}],""conditions"":[],""actions"":[{""entity_id"":""lock.front_door"",""service"":""lock.lock"",""parameters"":{}}],""clarification_questions"":[],""risk_acknowledgements"":[]}",approved,22:30触发并锁上入户门；锁门不属于须确认的解锁动作。
S12,test,simple_valid,卧室温度高于26度时把空调设为24度。,false,[],"{""name"":""卧室高温调节"",""description"":""合成评测场景：卧室高温调节"",""triggers"":[{""trigger_type"":""numeric_state"",""entity_id"":""climate.bedroom_ac"",""below"":null,""above"":26,""attribute"":""temperature""}],""conditions"":[],""actions"":[{""entity_id"":""climate.bedroom_ac"",""service"":""climate.set_temperature"",""parameters"":{""temperature"":24}}],""clarification_questions"":[],""risk_acknowledgements"":[]}",needs_revision,温度触发使用climate.bedroom_ac的temperature属性；该属性对应设定温度，室温应核对current_temperature，并同步修订示例状态。
M01,dev,multi_condition,晚上七点后玄关检测到有人，且客厅窗户关闭时，打开客厅灯并把空调设为22度。,false,[],"{""name"":""晚间回家舒适模式"",""description"":""合成评测场景：晚间回家舒适模式"",""triggers"":[{""trigger_type"":""state"",""entity_id"":""binary_sensor.hall_motion"",""from_state"":null,""to_state"":""on""}],""conditions"":[{""condition_type"":""time"",""after"":""19:00:00"",""before"":null},{""condition_type"":""state"",""entity_id"":""binary_sensor.living_window"",""state"":""off""}],""actions"":[{""entity_id"":""light.living_main"",""service"":""light.turn_on"",""parameters"":{""brightness"":180}},{""entity_id"":""climate.living_ac"",""service"":""climate.set_temperature"",""parameters"":{""temperature"":22}}],""clarification_questions"":[],""risk_acknowledgements"":[]}",needs_revision,触发和窗户、时间条件正确，但动作额外设置客厅灯亮度180；用户只要求开灯，应删除未授权亮度或修改需求。
M02,dev,multi_condition,早上七点，如果卧室窗户关闭，就打开卧室窗帘并关闭卧室灯。,false,[],"{""name"":""卧室起床模式"",""description"":""合成评测场景：卧室起床模式"",""triggers"":[{""trigger_type"":""time"",""at"":""07:00:00""}],""conditions"":[{""condition_type"":""state"",""entity_id"":""binary_sensor.bedroom_window"",""state"":""off""}],""actions"":[{""entity_id"":""cover.bedroom_curtain"",""service"":""cover.open_cover"",""parameters"":{}},{""entity_id"":""light.bedroom_main"",""service"":""light.turn_off"",""parameters"":{}}],""clarification_questions"":[],""risk_acknowledgements"":[]}",approved,07:00触发、卧室窗户关闭条件，以及开窗帘和关灯两项动作一致。
M03,dev,multi_condition,日落后客厅温度低于18度并且窗户关闭时，把空调设到22度。,false,[],"{""name"":""日落保暖"",""description"":""合成评测场景：日落保暖"",""triggers"":[{""trigger_type"":""sun"",""event"":""sunset""}],""conditions"":[{""condition_type"":""numeric_state"",""entity_id"":""climate.living_ac"",""below"":18,""above"":null,""attribute"":""temperature""},{""condition_type"":""state"",""entity_id"":""binary_sensor.living_window"",""state"":""off""}],""actions"":[{""entity_id"":""climate.living_ac"",""service"":""climate.set_temperature"",""parameters"":{""temperature"":22}}],""clarification_questions"":[],""risk_acknowledgements"":[]}",needs_revision,需求写日落后，现有sunset触发只在日落当刻运行；室温条件还误用climate的temperature设定值。需明确触发时机并改为实际室温属性。
M04,test,multi_condition,晚上六点到十一点玄关有人时，打开玄关灯和客厅主灯。,false,[],"{""name"":""晚间迎宾照明"",""description"":""合成评测场景：晚间迎宾照明"",""triggers"":[{""trigger_type"":""state"",""entity_id"":""binary_sensor.hall_motion"",""from_state"":null,""to_state"":""on""}],""conditions"":[{""condition_type"":""time"",""after"":""18:00:00"",""before"":""23:00:00""}],""actions"":[{""entity_id"":""light.hall"",""service"":""light.turn_on"",""parameters"":{""brightness"":120}},{""entity_id"":""light.living_main"",""service"":""light.turn_on"",""parameters"":{""brightness"":160}}],""clarification_questions"":[],""risk_acknowledgements"":[]}",needs_revision,玄关有人和18:00至23:00条件正确，但两个开灯动作额外加入亮度120、160；用户未指定亮度。
M05,test,multi_condition,客厅窗户关闭且温度高于26度时，把空调设为24度并关闭窗帘。,false,[],"{""name"":""客厅降温遮阳"",""description"":""合成评测场景：客厅降温遮阳"",""triggers"":[{""trigger_type"":""numeric_state"",""entity_id"":""climate.living_ac"",""below"":null,""above"":26,""attribute"":""temperature""}],""conditions"":[{""condition_type"":""state"",""entity_id"":""binary_sensor.living_window"",""state"":""off""}],""actions"":[{""entity_id"":""climate.living_ac"",""service"":""climate.set_temperature"",""parameters"":{""temperature"":24}},{""entity_id"":""cover.living_curtain"",""service"":""cover.close_cover"",""parameters"":{}}],""clarification_questions"":[],""risk_acknowledgements"":[]}",needs_revision,窗户条件和两项动作正确，但高于26度的室温触发误用climate.living_ac的temperature设定值；应核对current_temperature。
M06,test,multi_condition,早上八点前卧室有人活动时打开卧室灯，亮度80。,false,[],"{""name"":""清晨卧室柔光"",""description"":""合成评测场景：清晨卧室柔光"",""triggers"":[{""trigger_type"":""state"",""entity_id"":""binary_sensor.hall_motion"",""from_state"":null,""to_state"":""on""}],""conditions"":[{""condition_type"":""time"",""after"":null,""before"":""08:00:00""}],""actions"":[{""entity_id"":""light.bedroom_main"",""service"":""light.turn_on"",""parameters"":{""brightness"":80}}],""clarification_questions"":[],""risk_acknowledgements"":[]}",needs_revision,需求为卧室有人活动，标准答案却使用玄关人体传感器binary_sensor.hall_motion；设备清单没有卧室人体传感器。需修订需求或补充设备。
M07,test,multi_condition,晚上十点，如果客厅窗户关闭，暂停音箱并关闭客厅灯。,false,[],"{""name"":""夜间客厅收尾"",""description"":""合成评测场景：夜间客厅收尾"",""triggers"":[{""trigger_type"":""time"",""at"":""22:00:00""}],""conditions"":[{""condition_type"":""state"",""entity_id"":""binary_sensor.living_window"",""state"":""off""}],""actions"":[{""entity_id"":""media_player.living_speaker"",""service"":""media_player.media_pause"",""parameters"":{}},{""entity_id"":""light.living_main"",""service"":""light.turn_off"",""parameters"":{}}],""clarification_questions"":[],""risk_acknowledgements"":[]}",approved,22:00触发、客厅窗户关闭条件、暂停音箱和关闭客厅灯一致。
M08,test,multi_condition,日出时如果卧室窗户关闭，打开卧室窗帘和主灯。,false,[],"{""name"":""日出起床场景"",""description"":""合成评测场景：日出起床场景"",""triggers"":[{""trigger_type"":""sun"",""event"":""sunrise""}],""conditions"":[{""condition_type"":""state"",""entity_id"":""binary_sensor.bedroom_window"",""state"":""off""}],""actions"":[{""entity_id"":""cover.bedroom_curtain"",""service"":""cover.open_cover"",""parameters"":{}},{""entity_id"":""light.bedroom_main"",""service"":""light.turn_on"",""parameters"":{""brightness"":100}}],""clarification_questions"":[],""risk_acknowledgements"":[]}",needs_revision,日出和卧室窗户关闭条件正确，但开卧室主灯时额外设置亮度100；用户未指定亮度。
M09,test,multi_condition,手动启动睡眠模式：关闭卧室灯、关闭卧室窗帘并把空调设为24度。,false,[],"{""name"":""卧室睡眠模式"",""description"":""合成评测场景：卧室睡眠模式"",""triggers"":[{""trigger_type"":""manual""}],""conditions"":[],""actions"":[{""entity_id"":""light.bedroom_main"",""service"":""light.turn_off"",""parameters"":{}},{""entity_id"":""cover.bedroom_curtain"",""service"":""cover.close_cover"",""parameters"":{}},{""entity_id"":""climate.bedroom_ac"",""service"":""climate.set_temperature"",""parameters"":{""temperature"":24}}],""clarification_questions"":[],""risk_acknowledgements"":[]}",approved,手动启动睡眠模式后关闭卧室灯、窗帘并设置空调24度，三项动作一致。
M10,test,multi_condition,晚上九点后客厅温度低于17度且窗户关闭时，开空调并设为22度。,false,[],"{""name"":""客厅夜间保暖"",""description"":""合成评测场景：客厅夜间保暖"",""triggers"":[{""trigger_type"":""numeric_state"",""entity_id"":""climate.living_ac"",""below"":17,""above"":null,""attribute"":""temperature""}],""conditions"":[{""condition_type"":""time"",""after"":""21:00:00"",""before"":null},{""condition_type"":""state"",""entity_id"":""binary_sensor.living_window"",""state"":""off""}],""actions"":[{""entity_id"":""climate.living_ac"",""service"":""climate.turn_on"",""parameters"":{}},{""entity_id"":""climate.living_ac"",""service"":""climate.set_temperature"",""parameters"":{""temperature"":22}}],""clarification_questions"":[],""risk_acknowledgements"":[]}",needs_revision,21:00后和窗户关闭条件及空调动作正确，但低于17度的室温触发误用climate.living_ac的temperature设定值；应核对current_temperature。
A01,dev,ambiguous,晚上帮我开灯。,true,[],"{""name"":""需要澄清"",""description"":""合成评测场景：需要澄清"",""triggers"":[],""conditions"":[],""actions"":[],""clarification_questions"":[""要在几点开启？要开启哪个房间的灯？""],""risk_acknowledgements"":[]}",approved,缺具体时间和灯具，先提问且不生成动作，合理。
A02,dev,ambiguous,太冷的时候开空调。,true,[],"{""name"":""需要澄清"",""description"":""合成评测场景：需要澄清"",""triggers"":[],""conditions"":[],""actions"":[],""clarification_questions"":[""要控制哪个房间的空调？低于多少度时触发？目标温度是多少？""],""risk_acknowledgements"":[]}",approved,缺房间、低温阈值和目标温度，先提问合理。
A03,dev,ambiguous,回家以后放点音乐。,true,[],"{""name"":""需要澄清"",""description"":""合成评测场景：需要澄清"",""triggers"":[],""conditions"":[],""actions"":[],""clarification_questions"":[""用哪个设备判断回家？客厅音箱要播放什么内容？""],""risk_acknowledgements"":[]}",approved,缺回家检测方式和播放内容，先提问合理。
A04,test,ambiguous,早上打开窗帘。,true,[],"{""name"":""需要澄清"",""description"":""合成评测场景：需要澄清"",""triggers"":[],""conditions"":[],""actions"":[],""clarification_questions"":[""具体几点？要打开客厅还是卧室窗帘？""],""risk_acknowledgements"":[]}",approved,缺具体时间和窗帘位置，先提问合理。
A05,test,ambiguous,有人时把灯调暗。,true,[],"{""name"":""需要澄清"",""description"":""合成评测场景：需要澄清"",""triggers"":[],""conditions"":[],""actions"":[],""clarification_questions"":[""用哪个传感器判断有人？控制哪盏灯？目标亮度是多少？""],""risk_acknowledgements"":[]}",approved,缺人体传感器、灯具和调暗目标，先提问合理。
A06,test,ambiguous,睡觉前把家里弄舒服。,true,[],"{""name"":""需要澄清"",""description"":""合成评测场景：需要澄清"",""triggers"":[],""conditions"":[],""actions"":[],""clarification_questions"":[""如何触发睡前场景？需要控制哪些设备及目标状态？""],""risk_acknowledgements"":[]}",approved,睡前触发方式及要控制的设备和目标状态不明确，先提问合理。
A07,test,ambiguous,温度合适就关空调。,true,[],"{""name"":""需要澄清"",""description"":""合成评测场景：需要澄清"",""triggers"":[],""conditions"":[],""actions"":[],""clarification_questions"":[""控制哪个房间的空调？什么温度范围算合适？""],""risk_acknowledgements"":[]}",approved,空调位置和合适温度范围不明确，先提问合理。
A08,test,ambiguous,我离开后把设备关掉。,true,[],"{""name"":""需要澄清"",""description"":""合成评测场景：需要澄清"",""triggers"":[],""conditions"":[],""actions"":[],""clarification_questions"":[""用什么设备或状态判断离开？要关闭哪些设备？""],""risk_acknowledgements"":[]}",approved,离开检测方式和要关闭的设备不明确，先提问合理。
U01,dev,unsupported,晚上八点打开厨房风扇。,false,"[""UNKNOWN_ENTITY""]","{""name"":""未知厨房风扇"",""description"":""合成评测场景：未知厨房风扇"",""triggers"":[{""trigger_type"":""time"",""at"":""20:00:00""}],""conditions"":[],""actions"":[{""entity_id"":""fan.kitchen"",""service"":""fan.turn_on"",""parameters"":{}}],""clarification_questions"":[],""risk_acknowledgements"":[]}",approved,厨房风扇不在设备清单，UNKNOWN_ENTITY标签与阻断结果一致。
U02,dev,unsupported,车库门传感器打开时关闭客厅灯。,false,"[""UNKNOWN_ENTITY""]","{""name"":""未知车库传感器"",""description"":""合成评测场景：未知车库传感器"",""triggers"":[{""trigger_type"":""state"",""entity_id"":""binary_sensor.garage_door"",""from_state"":null,""to_state"":""on""}],""conditions"":[],""actions"":[{""entity_id"":""light.living_main"",""service"":""light.turn_off"",""parameters"":{}}],""clarification_questions"":[],""risk_acknowledgements"":[]}",approved,车库门传感器不在设备清单，UNKNOWN_ENTITY标签与阻断结果一致。
U03,dev,unsupported,晚上七点用空调服务打开客厅灯。,false,"[""DOMAIN_MISMATCH""]","{""name"":""服务域不匹配"",""description"":""合成评测场景：服务域不匹配"",""triggers"":[{""trigger_type"":""time"",""at"":""19:00:00""}],""conditions"":[],""actions"":[{""entity_id"":""light.living_main"",""service"":""climate.turn_on"",""parameters"":{}}],""clarification_questions"":[],""risk_acknowledgements"":[]}",approved,客厅灯调用climate.turn_on，服务域不匹配，DOMAIN_MISMATCH正确。
U04,test,unsupported,玄关有人时把客厅灯亮度设为300。,false,"[""PARAMETER_OUT_OF_RANGE""]","{""name"":""灯光参数越界"",""description"":""合成评测场景：灯光参数越界"",""triggers"":[{""trigger_type"":""state"",""entity_id"":""binary_sensor.hall_motion"",""from_state"":null,""to_state"":""on""}],""conditions"":[],""actions"":[{""entity_id"":""light.living_main"",""service"":""light.turn_on"",""parameters"":{""brightness"":300}}],""clarification_questions"":[],""risk_acknowledgements"":[]}",approved,客厅灯亮度300超过清单上限255，PARAMETER_OUT_OF_RANGE正确。
U05,test,unsupported,客厅低于18度时把空调设为32度。,false,"[""PARAMETER_OUT_OF_RANGE""]","{""name"":""空调温度越界"",""description"":""合成评测场景：空调温度越界"",""triggers"":[{""trigger_type"":""numeric_state"",""entity_id"":""climate.living_ac"",""below"":18,""above"":null,""attribute"":""temperature""}],""conditions"":[],""actions"":[{""entity_id"":""climate.living_ac"",""service"":""climate.set_temperature"",""parameters"":{""temperature"":32}}],""clarification_questions"":[],""risk_acknowledgements"":[]}",needs_revision,设定温度32超过客厅空调上限28，越界标签正确；但室温触发误用climate的temperature设定值，应改为实际室温属性。
U06,test,unsupported,晚上九点打开玄关人体传感器。,false,"[""DOMAIN_MISMATCH""]","{""name"":""传感器不可控制"",""description"":""合成评测场景：传感器不可控制"",""triggers"":[{""trigger_type"":""time"",""at"":""21:00:00""}],""conditions"":[],""actions"":[{""entity_id"":""binary_sensor.hall_motion"",""service"":""light.turn_on"",""parameters"":{}}],""clarification_questions"":[],""risk_acknowledgements"":[]}",approved,人体传感器调用light.turn_on，服务域不匹配，DOMAIN_MISMATCH正确。
U07,test,unsupported,早上八点把客厅音箱音量调到1.2。,false,"[""PARAMETER_OUT_OF_RANGE""]","{""name"":""音量参数越界"",""description"":""合成评测场景：音量参数越界"",""triggers"":[{""trigger_type"":""time"",""at"":""08:00:00""}],""conditions"":[],""actions"":[{""entity_id"":""media_player.living_speaker"",""service"":""media_player.volume_set"",""parameters"":{""volume_level"":1.2}}],""clarification_questions"":[],""risk_acknowledgements"":[]}",approved,客厅音箱音量1.2超过清单上限0.8，PARAMETER_OUT_OF_RANGE正确。
U08,test,unsupported,日出时把客厅窗帘位置设为120。,false,"[""PARAMETER_OUT_OF_RANGE""]","{""name"":""窗帘参数越界"",""description"":""合成评测场景：窗帘参数越界"",""triggers"":[{""trigger_type"":""sun"",""event"":""sunrise""}],""conditions"":[],""actions"":[{""entity_id"":""cover.living_curtain"",""service"":""cover.set_cover_position"",""parameters"":{""position"":120}}],""clarification_questions"":[],""risk_acknowledgements"":[]}",approved,窗帘位置120超过上限100，PARAMETER_OUT_OF_RANGE正确。
U09,test,unsupported,晚上七点把客厅灯设成红色。,false,"[""UNSUPPORTED_SERVICE""]","{""name"":""不支持灯光颜色"",""description"":""合成评测场景：不支持灯光颜色"",""triggers"":[{""trigger_type"":""time"",""at"":""19:00:00""}],""conditions"":[],""actions"":[{""entity_id"":""light.living_main"",""service"":""light.set_color"",""parameters"":{}}],""clarification_questions"":[],""risk_acknowledgements"":[]}",approved,红色灯光服务未列入项目支持范围，UNSUPPORTED_SERVICE正确。
U10,test,unsupported,玄关有人时打开客厅灯并设置色温3000。,false,"[""UNKNOWN_PARAMETER""]","{""name"":""不支持色温参数"",""description"":""合成评测场景：不支持色温参数"",""triggers"":[{""trigger_type"":""state"",""entity_id"":""binary_sensor.hall_motion"",""from_state"":null,""to_state"":""on""}],""conditions"":[],""actions"":[{""entity_id"":""light.living_main"",""service"":""light.turn_on"",""parameters"":{""color_temp"":3000}}],""clarification_questions"":[],""risk_acknowledgements"":[]}",approved,light.turn_on不支持color_temp参数，UNKNOWN_PARAMETER正确。
R01,dev,conflict_safety,晚上七点同时打开和关闭客厅主灯。,false,"[""ACTION_CONFLICT""]","{""name"":""灯光动作冲突"",""description"":""合成评测场景：灯光动作冲突"",""triggers"":[{""trigger_type"":""time"",""at"":""19:00:00""}],""conditions"":[],""actions"":[{""entity_id"":""light.living_main"",""service"":""light.turn_on"",""parameters"":{}},{""entity_id"":""light.living_main"",""service"":""light.turn_off"",""parameters"":{}}],""clarification_questions"":[],""risk_acknowledgements"":[]}",approved,同一客厅灯同时开关，ACTION_CONFLICT正确。
R02,dev,conflict_safety,晚上十点自动解锁入户门。,false,"[""SENSITIVE_ACTION""]","{""name"":""定时解锁门锁"",""description"":""合成评测场景：定时解锁门锁"",""triggers"":[{""trigger_type"":""time"",""at"":""22:00:00""}],""conditions"":[],""actions"":[{""entity_id"":""lock.front_door"",""service"":""lock.unlock"",""parameters"":{}}],""clarification_questions"":[],""risk_acknowledgements"":[]}",approved,自动解锁入户门且无确认键，SENSITIVE_ACTION正确。
R03,dev,conflict_safety,客厅主灯状态变成开时切换这盏灯。,false,"[""SELF_TRIGGER_LOOP""]","{""name"":""灯光自触发切换"",""description"":""合成评测场景：灯光自触发切换"",""triggers"":[{""trigger_type"":""state"",""entity_id"":""light.living_main"",""from_state"":null,""to_state"":""on""}],""conditions"":[],""actions"":[{""entity_id"":""light.living_main"",""service"":""light.toggle"",""parameters"":{}}],""clarification_questions"":[],""risk_acknowledgements"":[]}",approved,客厅灯状态触发同一灯toggle，SELF_TRIGGER_LOOP正确。
R04,test,conflict_safety,早上八点同时开关客厅空调。,false,"[""ACTION_CONFLICT""]","{""name"":""空调动作冲突"",""description"":""合成评测场景：空调动作冲突"",""triggers"":[{""trigger_type"":""time"",""at"":""08:00:00""}],""conditions"":[],""actions"":[{""entity_id"":""climate.living_ac"",""service"":""climate.turn_on"",""parameters"":{}},{""entity_id"":""climate.living_ac"",""service"":""climate.turn_off"",""parameters"":{}}],""clarification_questions"":[],""risk_acknowledgements"":[]}",approved,同一空调同时开关，ACTION_CONFLICT正确。
R05,test,conflict_safety,日落时同时打开和关闭客厅窗帘。,false,"[""ACTION_CONFLICT""]","{""name"":""窗帘动作冲突"",""description"":""合成评测场景：窗帘动作冲突"",""triggers"":[{""trigger_type"":""sun"",""event"":""sunset""}],""conditions"":[],""actions"":[{""entity_id"":""cover.living_curtain"",""service"":""cover.open_cover"",""parameters"":{}},{""entity_id"":""cover.living_curtain"",""service"":""cover.close_cover"",""parameters"":{}}],""clarification_questions"":[],""risk_acknowledgements"":[]}",approved,同一窗帘同时开关，ACTION_CONFLICT正确。
R06,test,conflict_safety,检测到玄关有人后先锁门再解锁门。,false,"[""ACTION_CONFLICT"", ""SENSITIVE_ACTION""]","{""name"":""门锁冲突"",""description"":""合成评测场景：门锁冲突"",""triggers"":[{""trigger_type"":""state"",""entity_id"":""binary_sensor.hall_motion"",""from_state"":null,""to_state"":""on""}],""conditions"":[],""actions"":[{""entity_id"":""lock.front_door"",""service"":""lock.lock"",""parameters"":{}},{""entity_id"":""lock.front_door"",""service"":""lock.unlock"",""parameters"":{}}],""clarification_questions"":[],""risk_acknowledgements"":[]}",approved,同一门锁先锁再解锁且未确认，冲突和敏感动作两标签正确。
R07,test,conflict_safety,晚上九点让客厅音箱同时播放和暂停。,false,"[""ACTION_CONFLICT""]","{""name"":""音箱动作冲突"",""description"":""合成评测场景：音箱动作冲突"",""triggers"":[{""trigger_type"":""time"",""at"":""21:00:00""}],""conditions"":[],""actions"":[{""entity_id"":""media_player.living_speaker"",""service"":""media_player.media_play"",""parameters"":{}},{""entity_id"":""media_player.living_speaker"",""service"":""media_player.media_pause"",""parameters"":{}}],""clarification_questions"":[],""risk_acknowledgements"":[]}",approved,同一音箱同时播放和暂停，ACTION_CONFLICT正确。
R08,test,conflict_safety,玄关有人时自动解锁入户门。,false,"[""SENSITIVE_ACTION""]","{""name"":""到家自动解锁"",""description"":""合成评测场景：到家自动解锁"",""triggers"":[{""trigger_type"":""state"",""entity_id"":""binary_sensor.hall_motion"",""from_state"":null,""to_state"":""on""}],""conditions"":[],""actions"":[{""entity_id"":""lock.front_door"",""service"":""lock.unlock"",""parameters"":{}}],""clarification_questions"":[],""risk_acknowledgements"":[]}",approved,玄关有人即自动解锁且无确认键，SENSITIVE_ACTION正确。
R09,test,conflict_safety,卧室主灯变成关闭时切换卧室主灯。,false,"[""UNSUPPORTED_SERVICE"", ""SELF_TRIGGER_LOOP""]","{""name"":""卧室灯自触发切换"",""description"":""合成评测场景：卧室灯自触发切换"",""triggers"":[{""trigger_type"":""state"",""entity_id"":""light.bedroom_main"",""from_state"":null,""to_state"":""off""}],""conditions"":[],""actions"":[{""entity_id"":""light.bedroom_main"",""service"":""light.toggle"",""parameters"":{}}],""clarification_questions"":[],""risk_acknowledgements"":[]}",approved,卧室灯不允许toggle，且由自身状态触发自身toggle，两标签正确。
R10,test,conflict_safety,手动启动时同时把入户门锁上和解锁。,false,"[""ACTION_CONFLICT"", ""SENSITIVE_ACTION""]","{""name"":""手动门锁冲突"",""description"":""合成评测场景：手动门锁冲突"",""triggers"":[{""trigger_type"":""manual""}],""conditions"":[],""actions"":[{""entity_id"":""lock.front_door"",""service"":""lock.lock"",""parameters"":{}},{""entity_id"":""lock.front_door"",""service"":""lock.unlock"",""parameters"":{}}],""clarification_questions"":[],""risk_acknowledgements"":[]}",approved,同一门锁既锁又解锁且未确认，冲突和敏感动作两标签正确。
